{
	"creole": {
   		"Home": "Antré",
   		"Invalid Infomation.": "Enfomasyon an pa bon.",
   		"Password does not match.": "Password lan pa mem",
   		"Failed to sign up.": "Nou pat ka fini Rejistrasyon an.",
   		"User Not Saved": "Nou pat ka kreyé kont lan",
   		"Enter your reason for removing address": "Mete rezon pou w retiré adrès lan",
   		"Address Not Removed": "Nou pat ka retiré adrès lan",
   		"Territory Not Unassigned": "Nou pat ka retiré teritwa a",
   		"Territories": "Teritwa",
   		"Reports": "Rapò",
   		"Attach a Publisher": "Ataché yon Pwoklamatè",
   		"Edit": "Chanjé",
   		"Delete": "Retiré",
   		"User Not Attached": "Nou pat ka ataché itilizatè an",
   		"Publisher Not Updated": "Nou pat ka changé pwoklamatè an",
   		"Territory Not Assigned": "Nou pat ka asiyé teritwa a",
   		"Publisher Not Added": "Nou pat ka ajouté pwoklamatè an",
   		"Your device does not support the Geolocation API": "Your device does not support the Geolocation API",
   		"Add Notes": "Ajouté Nòt",
   		"Update Notes": "Chanjé Nòt",
   		"Make Active": "Fè li actif",
   		"Edit Address": "Chanjé Adrès",
   		"Remove Address": "Retiré Adrès",
   		"Territory Not Updated": "Nou pat ka chanjé teritwa a",
   		"Address Not Added": "Nou pat ka ajouté adrès lan",
   		"Address Not Updated": "Nou pat ka  chanjé adrès lan",
   		"Note Not Saved": "Nou pat ka anrejistré nòt lan",
   		"Note Not Deleted": "Nou pat ka retiré nòt lan",
   		"Overdue": "Anréta",
   		"Yes": "Wi",
   		"Details": "Detay",
   		"Sign in": "Antré",
   		"Email": "Email",
   		"Password": "Password",
   		"Create Account": "Kreye kont",
   		"Create an account": "Kreye yon kont",
   		"Or": "Oubien",
   		"Manage Your Congregation Territory": "Administre teritwa kongregasyon w",
   		"Lost your password": "Pèdi password ou?",
   		"Profile": "Profile",
   		"Settings": "Settings",
   		"Logout": "Sòti",
   		"Dashboard": "Antre an",
   		"Users": "Itilizatè",
   		"Publisher": "Pwoklamatè",
   		"Publishers": "Pwoklamatè",
   		"Territory": "Teritwa",
   		"Territories": "Teritwa",   		
   		"View All Publishers": "Tout Pwoklamatè",
   		"View All Territories": "Tout Teritwa",
   		"Territory Activities": "Tout Activité",
   		"View All Activities": "Tout Activité",
   		"Territory Notes": "Nòt Teritwa",
   		"View All Notes": "Tout Nòt",
   		"3 months": "3 mwa",
   		"6 months": "6 mwa",
   		"One Year": "Ennan",
   		"Total": "Total",
   		"All Users": "Tout itilizatè yo",
   		"Add User": "Ajouté itilizatè",
   		"Action": "Aksyon",
   		"Type": "Type",
   		"Attach user to publisher": "Ataché kont avek yon pwoklamatè",
   		"User Account": "Kont",
   		"Select a publisher": "Chwazi yon pwoklamatè",
   		"Cancel": "Cancel",
   		"Attach to publisher": "Ataché yon pwoklamatè",
   		"Update User": "Chanjé Itilizatè",
   		"Choose account type": "Chwazi type kont",
   		"Viewer": "Viewer",
   		"Editor": "Editor",
   		"Manager": "Manager",
   		"Admin": "Admin",
   		"Save": "Anrejistre",
   		"Remove User": "Retiré itilizatè",
   		"sure_want_remove_user": "Eske w sèten ou vle retire itilizatè an?",
   		"Account for": "Kont pou",
   		"All Publishers": "Tout pwoklamatè yo",
   		"Add Publisher": "Ajouté pwoklamatè",
   		"Name": "Nom",
   		"First Name": "Prenom",
   		"Last Name": "Syati",
   		"Edit Publisher Name": "Chanjé nom pwoklamatè an",
   		"Assign a territory": "Asiyé yon teritwa",
   		"Select_Territory_enter_Date": "Chwazi teritwa a e mete dat lan",
   		"Territory Number": "Nimero Teritwa",
   		"Select Territory": "Chwazi Teritwa",
   		"Date": "Dat",
   		"Assign": "Asiyé",
   		"All Assigned Territories": "Tout teritwa ki asiyé",
   		"Assigned Territories": "Teritwa ki asiyé",
   		"Number": "Nimero",
   		"View Territory": "Gade Teritwa a",
   		"Unassign Territory": "Retiré teritwa a",
   		"Remove Publisher": "Retiré pwoklamatè an",
   		"sure_want_remove_publisher": "Eske w sèten ou vle retire pwoklamatè an?",
   		"Publisher Name": "Nom pwoklamatè an",
   		"Continue": "Kontinye",
   		"All Territories": "Tout teritwa yo",
   		"Add Territory": "Ajouté teritwa",
   		"Add a territory": "Ajouté yon teritwa",
   		"Address": "Adrès",
   		"Map": "Map",
   		"Unassigned": "Retiré",
   		"Assigned to": "Asiyé a",
   		"Edit Territory Address": "Chanjé adrès teritwa a",
   		"City and State": "City e State",
   		"Add New Address": "Ajouté yon nouvo adrès",
   		"Add_New_Address_Explanation": "Antré nimero kay lan konsa (201, APT 305)<br>Chwazi yon Street oubien mete yon nouvo Street. <br>Pou bilding, chwazi <strong>Apartment</strong>. Ou pa bezwen mete <strong>Apartment</strong> pou duplex oubien nimero pòt (A, B, C...). Pou nimero pòt, ou met antre <strong>Door</strong>.",
   		"Door": "Door",
   		"Apartment": "Apartment",
   		"Door_Explanation": "pou duplex oubien nimero pòt (A, B, C...)",
   		"Add New Street": "Ajouté yon Street",
   		"Select Street": "Chwazi Street",
   		"Street": "Street",
   		"New Street": "Nouvo Street",
   		"Building": "Bilding",
   		"Select Building": "Chwazi Bilding",
   		"Add New Building": "Ajouté Nouvo Bilding",
   		"New Building": "Nouvo Bilding",
   		"Phone": "Telefòn",
   		"Notes": "Nòt",
   		"Territory Addresses": "Adrès Teritwa Yo",
   		"Edit Address": "Chanjé Adrès",
   		"Not Active": "Pa Actif",
   		"Yes": "Wi",
   		"No": "Non",
   		"Coordinates": "Coordinates",
   		"Lat": "Lat",
   		"Long": "Long",
   		"Address Notes": "Nòt Adrès Yo",
   		"Unassign_Territory_Sure": "Eske w sèten ou vle retire teritwa a?",
   		"Unassign_Territory_Before": "Anvan w retiré a, Asiré w pa gen okenn papié nan men pwoklamatè a.",
   		"Delete_Address_Sure": "Eske w sèten ou vle retire adrès lan?",
   		"Remove Completely": "Retire l nèt",
   		"Reason": "Rezon",
   		"Back To Territory": "Retounen nan teritwa",
   		"Edit Markers": "Chanjé Markers yo",
   		"Edit Boundary": "Chanjé fwontyé an",
   		"Territory Map": "Kat Teritwa a",
   		"Print_S-13": "Emprimé Fom S-13"
   	}
}