{
	"en": {
   		"Home": "Home",
   		"Invalid Infomation.": "Invalid Infomation.",
   		"Password does not match.": "Password does not match.",
   		"Failed to sign up.": "Failed to sign up.",
   		"User Not Saved": "User Not Saved",
   		"Enter your reason for removing address": "Enter your reason for removing address",
   		"Address Not Removed": "Address Not Removed",
   		"Territory Not Unassigned": "Territory Not Unassigned",
   		"Territories": "Territories",
   		"Reports": "Reports",
   		"Attach a Publisher": "Attach a Publisher",
   		"Edit": "Edit",
   		"Delete": "Delete",
   		"User Not Attached": "User Not Attached",
   		"Publisher Not Updated": "Publisher Not Updated",
   		"Territory Not Assigned": "Territory Not Assigned",
   		"Publisher Not Added": "Publisher Not Added",
   		"Your device does not support the Geolocation API": "Your device does not support the Geolocation API",
   		"Add Notes": "Add Notes",
   		"Update Notes": "Update Notes",
   		"Make Active": "Make Active",
   		"Edit Address": "Edit Address",
   		"Remove Address": "Remove Address",
   		"Territory Not Updated": "Territory Not Updated",
   		"Address Not Added": "Address Not Added",
   		"Address Not Updated": "Address Not Updated",
   		"Note Not Saved": "Note Not Saved",
   		"Note Not Deleted": "Note Not Deleted",
   		"Overdue": "Overdue",
   		"Yes": "Yes",
   		"Details": "Details",
   		"Sign in": "Sign in",
   		"Email": "Email",
   		"Password": "Password",
   		"Create Account": "Create Account",
   		"Create an account": "Create an account",
   		"Or": "Or",
   		"Manage Your Congregation Territory": "Manage Your Congregation Territory",
   		"Profile": "Profile",
   		"Settings": "Settings",
   		"Logout": "Logout",
   		"Dashboard": "Dashboard",
   		"Users": "Users",
   		"Publisher": "Publisher",
   		"Publishers": "Publishers",
   		"Territory": "Territory",
   		"Territories": "Territories",
   		"View All Publishers": "View All Publishers",
   		"View All Territories": "View All Territories",
   		"Territory Activities": "Territory Activities",
   		"View All Activities": "View All Activities",
   		"Territory Notes": "Territory Notes",
   		"View All Notes": "View All Notes",
   		"3 months": "3 months",
   		"6 months": "6 months",
   		"One Year": "One Year",
   		"Total": "Total",
   		"All Users": "All Users",
   		"Add User": "Add User",
   		"Action": "Action",
   		"Type": "Type",
   		"Attach user to publisher": "Attach user to publisher",
   		"User Account": "User Account",
   		"Select a publisher": "Select a publisher",
   		"Cancel": "Cancel",
   		"Attach to publisher": "Attach to publisher",
   		"Update User": "Update User",
   		"Choose account type": "Choose account type",
   		"Viewer": "Viewer",
   		"Editor": "Editor",
   		"Manager": "Manager",
   		"Admin": "Admin",
   		"Save": "Save",
   		"Remove User": "Remove User",
   		"sure_want_remove_user": "Are you sure you want to remove this user?",
   		"Account for": "Account for",
   		"All Publishers": "All Publishers",
   		"Add Publisher": "Add Publisher",
   		"Name": "Name",
   		"First Name": "First Name",
   		"Last Name": "Last Name",
   		"Edit Publisher Name": "Edit Publisher Name",
   		"Assign a territory": "Assign a territory",
   		"Select_Territory_enter_Date": "Select a Territory Number and enter Date",
   		"Territory Number": "Territory Number",
   		"Select Territory": "Select Territory",
   		"Date": "Date",
   		"Assign": "Assign",
   		"All Assigned Territories": "All Assigned Territories",
   		"Assigned Territories": "Assigned Territories",
   		"Number": "Number",
   		"View Territory": "View Territory",
   		"Unassign Territory": "Unassign Territory",
   		"Remove Publisher": "Remove Publisher",
   		"sure_want_remove_publisher": "Are you sure you want to remove this publisher?",
   		"Publisher Name": "Publisher Name",
   		"Continue": "Continue",
   		"All Territories": "All Territories",
   		"Add Territory": "Add Territory",
   		"Add a territory": "Add a territory",
   		"Address": "Address",
   		"Map": "Map",
   		"Unassigned": "Unassigned",
   		"Assigned to": "Assigned to",
   		"Edit Territory Address": "Edit Territory Address",
   		"City and State": "City and State",
   		"Add New Address": "Add New Address",
   		"Add_New_Address_Explanation": "Please enter house number in abbreviated format i.e. (201, APT 305)<br>Select street or add new street, if not available. <br>For apartment buildings, please select Apartment. Do not select Apartment for duplex or alphabetical letters (A, B, C...), instead enter Door.",
   		"Door": "Door",
   		"Apartment": "Apartment",
   		"Door_Explanation": "For duplex or alphabetical letters (A, B, C...)",
   		"Add New Street": "Add New Street",
   		"Select Street": "Select Street",
   		"Street": "Street",
   		"New Street": "New Street",
   		"Building": "Building",
   		"Select Building": "Select Building",
   		"Add New Building": "Add New Building",
   		"New Building": "New Building",
   		"Phone": "Phone",
   		"Notes": "Notes",
   		"Territory Addresses": "Territory Addresses",
   		"Edit Address": "Edit Address",
   		"Not Active": "Not Active",
   		"Yes": "Yes",
   		"No": "No",
   		"Coordinates": "Coordinates",
   		"Lat": "Lat",
   		"Long": "Long",
   		"Address Notes": "Address Notes",
   		"Unassign_Territory_Sure": "Are you sure you want to unassign this territory?",
   		"Unassign_Territory_Before": "Before you unassign this territory, make sure to retrieve all cards and notes from publisher.",
   		"Delete_Address_Sure": "Are you sure you want to remove this address?",
   		"Remove Completely": "Remove Completely",
   		"Reason": "Reason",
   		"Back To Territory": "Back To Territory",
   		"Edit Markers": "Edit Markers",
   		"Edit Boundary": "Edit Boundary",
   		"Territory Map": "Territory Map",
   		"Print_S-13": "Print S-13 Form"
   	}
}